{"voting,follower": {"action": "voting,follower"}, "9,20": {"2": 31.5}, "17,20": {"4": 37.0}, "18,19": {"2": 37.0}, "20,14": {"2": 34.0}, "20,12": {"0": 32.0}, "20,9": {"0": 29.0}, "20,8": {"1": 28.0}, "20,6": {"0": 26.0}, "20,4": {"1": 24.0}, "7,20": {"3": 29.0}, "12,19": {"2": 31.5}, "14,17": {"2": 31.0}, "15,16": {"1": 31.5}, "16,16": {"0": 32.0}, "16,15": {"0": 31.0}, "15,15": {"4": 30.5}, "17,13": {"0": 30.0}, "18,13": {"1": 31.0}, "19,12": {"0": 31.0}, "20,10": {"0": 30.0}, "20,7": {"0": 27.0}, "11,20": {"0": 30.25}, "8,20": {"2": 28.625}, "10,19": {"0": 28.75}, "9,19": {"0": 27.25}, "6,19": {"4": 25.525}, "7,17": {"1": 24.5}, "7,16": {"2": 22.975}, "9,15": {"3": 23.75}, "9,14": {"0": 23.25}, "10,14": {"0": 24.0}, "11,30": {"1": 42.4}, "12,30": {"2": 42.7}, "13,30": {"3": 43.0}, "14,30": {"4": 46.02}, "19,28": {"1": 49.5}, "23,28": {"0": 51.0}, "10,30": {"4": 42.2}, "15,29": {"4": 44.4}, "17,28": {"4": 46.96}, "19,26": {"3": 45.660000000000004}, "21,26": {"2": 47.0}, "8,30": {"3": 39.7}, "7,30": {"4": 40.0}, "16,30": {"2": 48.2}, "17,30": {"3": 48.14}, "17,29": {"1": 45.5}, "16,28": {"4": 43.5}, "15,27": {"2": 42.2}, "14,27": {"4": 42.0}, "15,30": {"1": 45.3}, "24,30": {"1": 54.8}, "27,29": {"1": 56.4}, "28,29": {"3": 57.160000000000004}, "28,28": {"4": 56.0}, "9,30": {"4": 38.8}, "9,28": {"1": 36.2}, "7,28": {"3": 34.5}, "5,28": {"1": 33.0}, "9,27": {"3": 35.6}, "9,26": {"2": 33.3}, "6,24": {"3": 31.3}, "7,24": {"3": 31.6}, "8,23": {"4": 31.3}, "7,29": {"3": 35.8}, "7,27": {"4": 33.516}, "6,25": {"2": 32.3}, "8,24": {"3": 32.0}, "24,28": {"4": 53.42}, "28,26": {"3": 53.839999999999996}, "29,26": {"3": 54.6}, "29,25": {"4": 53.9}, "30,23": {"0": 52.6}, "29,23": {"1": 52.0}, "30,21": {"0": 51.0}, "30,20": {"2": 49.6}, "30,19": {"4": 48.6}, "30,18": {"1": 48.0}, "21,29": {"0": 50.0}, "18,29": {"1": 48.0}, "19,29": {"4": 48.4}, "20,29": {"2": 49.0}, "21,28": {"1": 49.0}, "20,28": {"2": 48.0}, "15,28": {"4": 44.8}, "19,27": {"4": 46.7}, "20,27": {"0": 47.4}, "21,27": {"0": 48.0}, "23,27": {"4": 49.6}, "23,26": {"4": 49.7}, "24,26": {"1": 50.0}, "24,23": {"3": 47.0}, "24,22": {"4": 46.4}, "25,22": {"1": 46.2}, "25,20": {"1": 45.4}, "26,20": {"4": 46.4}, "26,19": {"2": 45.0}, "6,29": {"4": 36.5}, "8,27": {"0": 35.0}, "6,27": {"3": 32.54}, "5,27": {"3": 31.6}, "4,27": {"4": 31.3}, "5,26": {"0": 31.0}, "4,25": {"4": 28.9}, "6,22": {"0": 28.0}, "5,19": {"3": 24.439999999999998}, "7,19": {"4": 25.1}, "5,18": {"4": 23.5}, "10,29": {"4": 38.9}, "10,28": {"3": 37.9}, "10,27": {"1": 37.0}, "11,27": {"1": 36.4}, "8,26": {"2": 35.0}, "10,26": {"3": 36.4}, "11,26": {"3": 37.5}, "10,25": {"4": 35.86}, "14,24": {"3": 37.6}, "14,23": {"2": 37.4}, "15,23": {"0": 38.0}, "13,21": {"4": 34.2}, "13,20": {"4": 33.7}, "14,20": {"3": 34.0}, "8,29": {"4": 38.0}, "9,24": {"0": 33.0}, "4,21": {"3": 26.5}, "7,18": {"0": 24.6}, "6,18": {"0": 24.0}, "6,17": {"0": 23.0}, "20,25": {"3": 45.7}, "21,25": {"2": 46.0}, "20,22": {"4": 41.6}, "20,21": {"0": 41.0}, "21,21": {"4": 41.6}, "21,20": {"0": 40.6}, "20,20": {"4": 40.7}, "22,19": {"0": 39.8}, "19,19": {"4": 38.5}, "9,29": {"4": 39.8}, "12,29": {"2": 41.6}, "13,28": {"3": 42.0}, "15,25": {"4": 39.6}, "15,24": {"0": 39.0}, "15,22": {"0": 37.4}, "16,22": {"2": 37.2}, "16,20": {"3": 36.0}, "16,19": {"0": 34.6}, "15,19": {"3": 34.5}, "18,15": {"0": 32.6}, "17,15": {"3": 33.1}, "19,15": {"0": 34.0}, "22,26": {"0": 48.0}, "25,26": {"4": 50.839999999999996}, "26,26": {"1": 52.0}, "28,25": {"4": 52.6}, "28,24": {"3": 52.4}, "29,24": {"2": 53.0}, "30,22": {"3": 52.0}, "18,28": {"4": 46.0}, "23,25": {"0": 48.0}, "24,25": {"3": 48.6}, "24,20": {"0": 44.0}, "24,19": {"4": 42.6}, "24,18": {"1": 42.0}, "24,17": {"1": 41.0}, "13,27": {"4": 40.5}, "16,27": {"3": 43.7}, "17,27": {"3": 43.5}, "17,25": {"2": 42.4}, "18,25": {"1": 41.8}, "17,23": {"4": 40.7}, "18,23": {"4": 41.0}, "19,23": {"4": 42.0}, "20,23": {"4": 42.92}, "19,22": {"3": 41.0}, "20,19": {"3": 38.6}, "20,18": {"0": 38.0}, "6,28": {"4": 35.5}, "8,25": {"2": 33.0}, "8,22": {"0": 28.8}, "5,21": {"4": 26.6}, "6,20": {"4": 26.5}, "7,15": {"4": 22.5}, "9,13": {"2": 21.6}, "8,13": {"4": 21.5}, "11,29": {"4": 40.2}, "11,28": {"2": 40.0}, "12,28": {"4": 41.0}, "14,26": {"2": 39.5}, "13,25": {"4": 38.2}, "13,24": {"3": 38.0}, "16,23": {"3": 39.0}, "17,22": {"0": 39.0}, "18,20": {"0": 38.0}, "17,17": {"3": 34.0}, "18,16": {"2": 33.2}, "18,14": {"3": 32.0}, "18,27": {"2": 46.0}, "27,26": {"3": 53.5}, "28,23": {"4": 50.9}, "29,22": {"4": 50.6}, "29,19": {"1": 47.9}, "29,18": {"3": 47.5}, "16,29": {"1": 46.0}, "15,26": {"3": 41.8}, "15,21": {"4": 36.7}, "16,21": {"2": 37.7}, "17,21": {"3": 39.1}, "19,21": {"0": 39.6}, "18,21": {"1": 39.0}, "24,29": {"1": 53.3}, "25,28": {"3": 54.8}, "29,27": {"4": 56.5}, "30,24": {"1": 54.0}, "19,24": {"4": 43.6}, "21,22": {"0": 43.0}, "23,21": {"3": 44.0}, "28,19": {"2": 47.0}, "30,17": {"2": 46.6}, "30,16": {"3": 45.6}, "30,14": {"4": 43.6}, "30,13": {"2": 43.0}, "12,26": {"3": 36.8}, "12,23": {"4": 34.2}, "11,22": {"2": 32.6}, "10,22": {"3": 32.5}, "12,22": {"3": 34.0}, "11,21": {"3": 31.6}, "19,30": {"4": 51.6}, "25,29": {"3": 54.4}, "26,29": {"2": 54.6}, "26,28": {"1": 54.0}, "27,27": {"2": 54.0}, "28,22": {"4": 50.5}, "13,29": {"4": 45.0}, "22,29": {"0": 51.0}, "24,24": {"2": 48.0}, "9,25": {"2": 33.5}, "7,25": {"1": 31.1}, "5,24": {"4": 30.0}, "6,21": {"3": 28.1}, "8,21": {"3": 28.2}, "8,19": {"3": 27.0}, "21,30": {"4": 52.0}, "23,29": {"4": 52.0}, "29,21": {"0": 50.0}, "26,27": {"3": 53.5}, "27,25": {"0": 52.0}, "27,28": {"4": 55.0}, "27,24": {"4": 51.0}, "28,21": {"4": 49.0}, "29,20": {"2": 49.0}, "13,26": {"2": 40.0}, "16,24": {"1": 40.5}, "17,24": {"2": 41.0}, "18,24": {"0": 42.0}, "17,19": {"1": 36.0}, "18,18": {"0": 36.4}, "19,18": {"0": 37.0}, "14,28": {"2": 43.0}, "17,18": {"4": 35.5}, "12,24": {"3": 35.1}, "12,21": {"2": 33.5}, "10,20": {"0": 30.0}, "11,19": {"0": 30.0}, "11,18": {"0": 28.6}, "10,18": {"2": 28.8}, "12,18": {"3": 29.2}, "11,17": {"4": 28.3}, "12,16": {"4": 28.0}, "20,17": {"3": 36.6}, "21,15": {"0": 35.6}, "20,15": {"1": 35.5}, "21,12": {"3": 32.6}, "21,11": {"0": 31.6}, "20,11": {"1": 31.7}, "22,10": {"0": 31.6}, "21,10": {"0": 31.0}, "30,25": {"3": 55.0}, "10,24": {"0": 34.0}, "10,23": {"2": 34.0}, "10,21": {"0": 30.6}, "9,21": {"0": 30.0}, "9,18": {"0": 26.6}, "8,18": {"0": 26.0}, "8,15": {"2": 23.8}, "16,26": {"2": 43.5}, "21,24": {"2": 46.1}, "23,24": {"2": 46.839999999999996}, "25,23": {"4": 49.1}, "27,23": {"1": 50.5}, "26,25": {"0": 50.6}, "25,25": {"3": 49.9}, "26,23": {"0": 49.0}, "26,22": {"0": 48.0}, "26,21": {"2": 47.0}, "27,20": {"0": 47.0}, "27,19": {"0": 46.0}, "12,25": {"4": 37.0}, "18,22": {"1": 40.0}, "22,22": {"4": 43.2}, "22,20": {"4": 42.0}, "23,19": {"4": 41.2}, "23,18": {"4": 40.2}, "23,16": {"0": 38.2}, "21,16": {"2": 37.5}, "5,30": {"4": 34.4}, "4,28": {"3": 32.5}, "5,23": {"2": 29.0}, "5,20": {"3": 25.5}, "6,16": {"4": 21.6}, "5,16": {"1": 20.6}, "4,16": {"1": 20.5}, "2,16": {"1": 18.6}, "3,15": {"4": 19.0}, "4,15": {"2": 18.5}, "4,13": {"0": 16.2}, "2,13": {"4": 16.0}, "4,12": {"2": 15.4}, "4,9": {"0": 13.0}, "30,27": {"3": 56.6}, "30,26": {"3": 56.0}, "30,15": {"3": 45.0}, "19,25": {"0": 44.0}, "21,19": {"0": 40.0}, "24,16": {"4": 41.06}, "26,16": {"0": 42.4}, "27,16": {"0": 43.0}, "29,15": {"0": 44.0}, "30,12": {"1": 42.0}, "16,25": {"4": 43.0}, "27,21": {"2": 48.0}, "23,23": {"2": 46.5}, "24,21": {"1": 45.0}, "28,18": {"1": 46.0}, "14,29": {"2": 43.5}, "28,17": {"3": 45.3}, "29,16": {"2": 45.0}, "30,11": {"0": 41.0}, "30,10": {"3": 40.0}, "25,27": {"2": 52.5}, "29,14": {"4": 42.6}, "29,13": {"1": 42.5}, "19,17": {"2": 36.0}, "28,20": {"1": 48.0}, "29,17": {"3": 46.0}, "29,28": {"1": 57.5}, "22,24": {"4": 46.0}, "25,21": {"3": 46.0}, "30,9": {"0": 38.2}, "30,8": {"4": 38.0}, "30,7": {"3": 36.6}, "14,25": {"0": 39.0}, "14,22": {"3": 35.6}, "14,21": {"0": 35.0}, "15,18": {"2": 33.4}, "16,18": {"0": 34.0}, "16,17": {"4": 33.0}, "22,18": {"2": 40.0}, "24,15": {"4": 39.3}, "25,14": {"3": 39.0},